{
	"format_version" : "1.8.0",
	"animations" : {
		"animation.player.hitboxrot" : {
			"loop" : true,
			"bones" : {
				"hitbox" : {
					"rotation" : [ 0.0, "-query.body_y_rotation", 0.0 ]
				}
			}
		},
		"animation.player.rayrot" : {
			"loop" : true,
			"bones" : {
				"ray" : {
					"rotation" : [ "query.is_sneaking ? query.target_x_rotation - 1.5 : query.target_x_rotation", "query.target_y_rotation", 0.0 ],
					"position" : [ 0.0, "query.is_sneaking ? -4.25 : 0.0", 0.0 ]
				}
			}
		},
		"animation.player.axis" : {
			"loop" : true,
			"bones" : {
				"axis" : {
					"rotation" : [ 0.0, "-query.body_y_rotation", 0.0 ]
				}
			}
		}
	}
}