{
    "format_version": "1.8.0",
    "render_controllers": {
        "controller.render.hp_green": {
            "geometry": "Geometry.hp",
            "materials": [
                {
                    "*": "Material.hp"
                }
            ],
            "textures": [
                "Array.textures[query.health]"
            ],
            "is_hurt_color": {
                "r": "0.0",
                "g": "0.0",
                "b": "0.0",
                "a": "0.0"
            },
            "on_fire_color": {
                "r": "0.0",
                "g": "0.0",
                "b": "0.0",
                "a": "0.0"
            },
            "part_visibility": [
                {
                    "*": "!query.is_invisible && query.distance_from_camera <= 20 && query.is_alive"
                }
            ],
            "arrays": {
                "textures": {
                    "array.textures": [
                        "Texture.hp0",
                        "Texture.hp1g",
                        "Texture.hp2g",
                        "Texture.hp3g",
                        "Texture.hp4g",
                        "Texture.hp5g",
                        "Texture.hp6g",
                        "Texture.hp7g",
                        "Texture.hp8g",
                        "Texture.hp9g",
                        "Texture.hp10g",
                        "Texture.hp11g",
                        "Texture.hp12g",
                        "Texture.hp13g",
                        "Texture.hp14g",
                        "Texture.hp15g",
                        "Texture.hp16g",
                        "Texture.hp17g",
                        "Texture.hp18g",
                        "Texture.hp19g",
                        "Texture.hp20g",
                        "Texture.hp21g",
                        "Texture.hp22g",
                        "Texture.hp23g",
                        "Texture.hp24g",
                        "Texture.hp25g",
                        "Texture.hp26g",
                        "Texture.hp27g",
                        "Texture.hp28g",
                        "Texture.hp29g",
                        "Texture.hp30g",
                        "Texture.hp31g",
                        "Texture.hp32g",
                        "Texture.hp33g",
                        "Texture.hp34g",
                        "Texture.hp35g",
                        "Texture.hp36g",
                        "Texture.hp37g",
                        "Texture.hp38g",
                        "Texture.hp39g",
                        "Texture.hp40g",
                        "Texture.hp41g",
                        "Texture.hp42g",
                        "Texture.hp43g",
                        "Texture.hp44g",
                        "Texture.hp45g",
                        "Texture.hp46g",
                        "Texture.hp47g",
                        "Texture.hp48g",
                        "Texture.hp49g",
                        "Texture.hp50g",
                        "Texture.hp51g",
                        "Texture.hp52g",
                        "Texture.hp53g",
                        "Texture.hp54g",
                        "Texture.hp55g",
                        "Texture.hp56g",
                        "Texture.hp57g",
                        "Texture.hp58g",
                        "Texture.hp59g",
                        "Texture.hp60g",
                        "Texture.hp61g",
                        "Texture.hp62g",
                        "Texture.hp63g",
                        "Texture.hp64g",
                        "Texture.hp65g",
                        "Texture.hp66g",
                        "Texture.hp67g",
                        "Texture.hp68g",
                        "Texture.hp69g",
                        "Texture.hp70g",
                        "Texture.hp71g",
                        "Texture.hp72g",
                        "Texture.hp73g",
                        "Texture.hp74g",
                        "Texture.hp75g",
                        "Texture.hp76g",
                        "Texture.hp77g",
                        "Texture.hp78g",
                        "Texture.hp79g",
                        "Texture.hp80g",
                        "Texture.hp81g",
                        "Texture.hp82g",
                        "Texture.hp83g",
                        "Texture.hp84g",
                        "Texture.hp85g",
                        "Texture.hp86g",
                        "Texture.hp87g",
                        "Texture.hp88g",
                        "Texture.hp89g",
                        "Texture.hp90g",
                        "Texture.hp91g",
                        "Texture.hp92g",
                        "Texture.hp93g",
                        "Texture.hp94g",
                        "Texture.hp95g",
                        "Texture.hp96g",
                        "Texture.hp97g",
                        "Texture.hp98g",
                        "Texture.hp99g",
                        "Texture.hp100g"
                    ]
                }
            }
        }
    }
}